{
  "project_info": {
    "project_number": "146557061564",
    "firebase_url": "https://ambulanceproject-d6d0f.firebaseio.com",
    "project_id": "ambulanceproject-d6d0f",
    "storage_bucket": "ambulanceproject-d6d0f.appspot.com"
  },
  "client": [
    {
      "client_info": {
        "mobilesdk_app_id": "1:146557061564:android:ca43e4fa7d9d002a",
        "android_client_info": {
          "package_name": "com.example.hp.ambulenceproject"
        }
      },
      "oauth_client": [
        {
          "client_id": "146557061564-31959jvo4t1g53ro2it4b96p0k17i58t.apps.googleusercontent.com",
          "client_type": 3
        }
      ],
      "api_key": [
        {
          "current_key": "AIzaSyACU-j4oSHgqvmZVOrE3AYcHiuV9AbIGJM"
        }
      ],
      "services": {
        "appinvite_service": {
          "other_platform_oauth_client": [
            {
              "client_id": "146557061564-31959jvo4t1g53ro2it4b96p0k17i58t.apps.googleusercontent.com",
              "client_type": 3
            }
          ]
        }
      }
    }
  ],
  "configuration_version": "1"
}